experiment_id,workload_type,param_name,test_value,query_id,elapsed_ms,status,note
2,tpch,cpu_quota_concurrency,4,Q1,,dry_run,"tpch-obs 未安装，scale_factor=1，已生成 dry-run 结果"
2,tpch,cpu_quota_concurrency,4,Q2,,dry_run,"tpch-obs 未安装，scale_factor=1，已生成 dry-run 结果"
2,tpch,cpu_quota_concurrency,4,Q3,,dry_run,"tpch-obs 未安装，scale_factor=1，已生成 dry-run 结果"
2,tpch,cpu_quota_concurrency,4,Q4,,dry_run,"tpch-obs 未安装，scale_factor=1，已生成 dry-run 结果"
2,tpch,cpu_quota_concurrency,4,Q5,,dry_run,"tpch-obs 未安装，scale_factor=1，已生成 dry-run 结果"
2,tpch,cpu_quota_concurrency,4,Q6,,dry_run,"tpch-obs 未安装，scale_factor=1，已生成 dry-run 结果"
2,tpch,cpu_quota_concurrency,4,Q7,,dry_run,"tpch-obs 未安装，scale_factor=1，已生成 dry-run 结果"
2,tpch,cpu_quota_concurrency,4,Q8,,dry_run,"tpch-obs 未安装，scale_factor=1，已生成 dry-run 结果"
2,tpch,cpu_quota_concurrency,4,Q9,,dry_run,"tpch-obs 未安装，scale_factor=1，已生成 dry-run 结果"
2,tpch,cpu_quota_concurrency,4,Q10,,dry_run,"tpch-obs 未安装，scale_factor=1，已生成 dry-run 结果"
2,tpch,cpu_quota_concurrency,4,Q11,,dry_run,"tpch-obs 未安装，scale_factor=1，已生成 dry-run 结果"
2,tpch,cpu_quota_concurrency,4,Q12,,dry_run,"tpch-obs 未安装，scale_factor=1，已生成 dry-run 结果"
2,tpch,cpu_quota_concurrency,4,Q13,,dry_run,"tpch-obs 未安装，scale_factor=1，已生成 dry-run 结果"
2,tpch,cpu_quota_concurrency,4,Q14,,dry_run,"tpch-obs 未安装，scale_factor=1，已生成 dry-run 结果"
2,tpch,cpu_quota_concurrency,4,Q15,,dry_run,"tpch-obs 未安装，scale_factor=1，已生成 dry-run 结果"
2,tpch,cpu_quota_concurrency,4,Q16,,dry_run,"tpch-obs 未安装，scale_factor=1，已生成 dry-run 结果"
2,tpch,cpu_quota_concurrency,4,Q17,,dry_run,"tpch-obs 未安装，scale_factor=1，已生成 dry-run 结果"
2,tpch,cpu_quota_concurrency,4,Q18,,dry_run,"tpch-obs 未安装，scale_factor=1，已生成 dry-run 结果"
2,tpch,cpu_quota_concurrency,4,Q19,,dry_run,"tpch-obs 未安装，scale_factor=1，已生成 dry-run 结果"
2,tpch,cpu_quota_concurrency,4,Q20,,dry_run,"tpch-obs 未安装，scale_factor=1，已生成 dry-run 结果"
2,tpch,cpu_quota_concurrency,4,Q21,,dry_run,"tpch-obs 未安装，scale_factor=1，已生成 dry-run 结果"
2,tpch,cpu_quota_concurrency,4,Q22,,dry_run,"tpch-obs 未安装，scale_factor=1，已生成 dry-run 结果"
